{"flutter":{"platforms":{"android":{"default":{"projectId":"taeafiwebb","appId":"1:206739591632:android:21437494998d1e150929d5","fileOutput":"android/app/google-services.json"}},"dart":{"lib/firebase_options.dart":{"projectId":"taeafiwebb","configurations":{"android":"1:206739591632:android:21437494998d1e150929d5","ios":"1:206739591632:ios:3cf4dc5c5642bdfe0929d5","macos":"1:206739591632:ios:3cf4dc5c5642bdfe0929d5","web":"1:206739591632:web:2f6f36fc6292623f0929d5","windows":"1:206739591632:web:2f9645c1896528340929d5"}}}}}}