{
  "project_info": {
    "project_number": "206739591632",
    "firebase_url": "https://taeafiwebb-default-rtdb.firebaseio.com",
    "project_id": "taeafiwebb",
    "storage_bucket": "taeafiwebb.appspot.com"
  },
  "client": [
    {
      "client_info": {
        "mobilesdk_app_id": "1:206739591632:android:21437494998d1e150929d5",
        "android_client_info": {
          "package_name": "com.example.teaefi_app_1"
        }
      },
      "oauth_client": [],
      "api_key": [
        {
          "current_key": "AIzaSyDiTq208jUlEE6Yu4Z-oC92ypjFR5L49Oc"
        }
      ],
      "services": {
        "appinvite_service": {
          "other_platform_oauth_client": []
        }
      }
    }
  ],
  "configuration_version": "1"
}